"","guess1","guess2","guess3","truth1","truth2","truth3","code1","code2","code3","code4","code5","code6","game","id"
"94",1,2,3,5,2,5,1,1,1,1,27,1,1,1
"95",1,3,2,5,2,5,1,1,1,1,27,1,1,1
"96",1,2,1,5,2,5,1,1,1,1,27,1,1,1
"97",2,2,4,5,2,5,1,1,1,1,27,1,1,1
"98",3,2,5,5,2,5,1,1,1,1,27,1,1,1
"99",4,2,5,5,2,5,1,1,1,1,27,1,1,1
"100",5,2,5,5,2,5,1,1,1,1,27,1,1,1
"101",1,2,3,3,1,3,6,6,5,5,5,5,2,1
"102",1,3,1,3,1,3,6,6,5,5,5,5,2,1
"103",2,2,1,3,1,3,6,6,5,5,5,5,2,1
"104",1,1,3,3,1,3,6,6,5,5,5,5,2,1
"105",3,1,3,3,1,3,6,6,5,5,5,5,2,1
"106",1,2,3,1,1,2,5,5,6,5,6,5,3,1
"107",1,1,3,1,1,2,5,5,6,5,6,5,3,1
"108",1,3,3,1,1,2,5,5,6,5,6,5,3,1
"109",1,1,2,1,1,2,5,5,6,5,6,5,3,1
"110",1,2,3,4,4,4,1,1,1,27,1,1,4,1
"111",2,3,4,4,4,4,1,1,1,27,1,1,4,1
"112",2,4,5,4,4,4,1,1,1,27,1,1,4,1
"113",2,1,2,4,4,4,1,1,1,27,1,1,4,1
"114",1,4,4,4,4,4,1,1,1,27,1,1,4,1
"115",3,4,4,4,4,4,1,1,1,27,1,1,4,1
"116",4,4,4,4,4,4,1,1,1,27,1,1,4,1
"117",1,2,3,2,2,1,4,21,1,1,4,1,5,1
"118",1,3,1,2,2,1,4,21,1,1,4,1,5,1
"119",1,1,2,2,2,1,4,21,1,1,4,1,5,1
"120",1,1,3,2,2,1,4,21,1,1,4,1,5,1
"121",1,2,1,2,2,1,4,21,1,1,4,1,5,1
"122",1,4,1,2,2,1,4,21,1,1,4,1,5,1
"123",2,2,3,2,2,1,4,21,1,1,4,1,5,1
"124",3,2,3,2,2,1,4,21,1,1,4,1,5,1
"125",2,2,1,2,2,1,4,21,1,1,4,1,5,1
"322",1,1,1,4,1,1,6,6,5,5,5,5,1,2
"323",1,1,2,4,1,1,6,6,5,5,5,5,1,2
"324",1,3,1,4,1,1,6,6,5,5,5,5,1,2
"325",4,1,1,4,1,1,6,6,5,5,5,5,1,2
"326",4,4,4,4,4,4,1,1,1,27,1,1,2,2
"327",1,1,1,2,6,1,5,5,6,5,5,6,3,2
"328",1,2,2,2,6,1,5,5,6,5,5,6,3,2
"329",2,1,3,2,6,1,5,5,6,5,5,6,3,2
"330",2,4,1,2,6,1,5,5,6,5,5,6,3,2
"331",2,5,1,2,6,1,5,5,6,5,5,6,3,2
"332",2,6,1,2,6,1,5,5,6,5,5,6,3,2
"333",1,1,1,5,6,6,5,1,5,1,5,15,4,2
"334",6,6,6,5,6,6,5,1,5,1,5,15,4,2
"335",6,6,2,5,6,6,5,1,5,1,5,15,4,2
"336",6,4,6,5,6,6,5,1,5,1,5,15,4,2
"337",5,6,6,5,6,6,5,1,5,1,5,15,4,2
"338",2,2,2,6,5,6,1,5,1,5,5,15,5,2
"339",1,1,1,6,5,6,1,5,1,5,5,15,5,2
"340",3,3,3,6,5,6,1,5,1,5,5,15,5,2
"341",4,4,4,6,5,6,1,5,1,5,5,15,5,2
"342",5,5,5,6,5,6,1,5,1,5,5,15,5,2
"343",5,6,6,6,5,6,1,5,1,5,5,15,5,2
"344",6,5,5,6,5,6,1,5,1,5,5,15,5,2
"345",6,6,5,6,5,6,1,5,1,5,5,15,5,2
"346",5,6,5,6,5,6,1,5,1,5,5,15,5,2
"347",6,5,6,6,5,6,1,5,1,5,5,15,5,2
"388",2,1,3,6,1,1,5,5,5,5,6,6,1,3
"389",4,5,6,6,1,1,5,5,5,5,6,6,1,3
"390",1,1,6,6,1,1,5,5,5,5,6,6,1,3
"391",6,1,1,6,1,1,5,5,5,5,6,6,1,3
"392",3,2,1,1,4,1,5,5,5,6,5,6,2,3
"393",4,5,6,1,4,1,5,5,5,6,5,6,2,3
"394",1,5,1,1,4,1,5,5,5,6,5,6,2,3
"395",1,4,1,1,4,1,5,5,5,6,5,6,2,3
"396",2,2,4,4,2,5,5,15,5,5,1,1,3,3
"397",2,1,2,4,2,5,5,15,5,5,1,1,3,3
"398",1,2,3,4,2,5,5,15,5,5,1,1,3,3
"399",5,2,4,4,2,5,5,15,5,5,1,1,3,3
"400",4,2,5,4,2,5,5,15,5,5,1,1,3,3
"401",1,2,3,3,3,1,5,5,15,5,1,1,4,3
"402",3,4,5,3,3,1,5,5,15,5,1,1,4,3
"403",3,1,6,3,3,1,5,5,15,5,1,1,4,3
"404",3,3,1,3,3,1,5,5,15,5,1,1,4,3
"405",1,2,3,2,2,5,4,21,1,1,4,1,5,3
"406",4,2,5,2,2,5,4,21,1,1,4,1,5,3
"407",4,2,1,2,2,5,4,21,1,1,4,1,5,3
"408",6,2,5,2,2,5,4,21,1,1,4,1,5,3
"409",3,2,5,2,2,5,4,21,1,1,4,1,5,3
"410",2,2,5,2,2,5,4,21,1,1,4,1,5,3
"509",1,3,6,4,5,2,5,5,6,5,5,6,1,4
"510",2,4,5,4,5,2,5,5,6,5,5,6,1,4
"511",4,5,2,4,5,2,5,5,6,5,5,6,1,4
"512",1,1,1,1,2,1,21,4,1,1,4,1,2,4
"513",2,1,1,1,2,1,21,4,1,1,4,1,2,4
"514",1,1,2,1,2,1,21,4,1,1,4,1,2,4
"515",1,2,1,1,2,1,21,4,1,1,4,1,2,4
"516",1,1,1,1,1,1,27,1,1,1,1,1,3,4
"517",3,3,3,3,3,5,1,4,21,1,4,1,4,4
"518",2,3,3,3,3,5,1,4,21,1,4,1,4,4
"519",3,3,5,3,3,5,1,4,21,1,4,1,4,4
"520",2,3,5,4,1,2,6,5,5,5,6,5,5,4
"521",6,2,1,4,1,2,6,5,5,5,6,5,5,4
"522",1,4,2,4,1,2,6,5,5,5,6,5,5,4
"523",4,1,2,4,1,2,6,5,5,5,6,5,5,4
"534",1,1,1,2,6,3,5,5,15,1,1,5,1,5
"535",2,2,2,2,6,3,5,5,15,1,1,5,1,5
"536",2,3,3,2,6,3,5,5,15,1,1,5,1,5
"537",2,3,4,2,6,3,5,5,15,1,1,5,1,5
"538",2,5,3,2,6,3,5,5,15,1,1,5,1,5
"539",2,6,3,2,6,3,5,5,15,1,1,5,1,5
"540",1,1,1,5,5,5,4,4,1,1,21,1,2,5
"541",2,2,2,5,5,5,4,4,1,1,21,1,2,5
"542",3,2,2,5,5,5,4,4,1,1,21,1,2,5
"543",4,4,4,5,5,5,4,4,1,1,21,1,2,5
"544",5,5,5,5,5,5,4,4,1,1,21,1,2,5
"545",1,1,1,3,5,6,5,1,15,1,5,5,3,5
"546",3,3,3,3,5,6,5,1,15,1,5,5,3,5
"547",3,2,1,3,5,6,5,1,15,1,5,5,3,5
"548",3,5,5,3,5,6,5,1,15,1,5,5,3,5
"549",3,5,4,3,5,6,5,1,15,1,5,5,3,5
"550",3,5,6,3,5,6,5,1,15,1,5,5,3,5
"551",1,1,1,2,5,4,6,6,5,5,5,5,4,5
"552",2,2,2,2,5,4,6,6,5,5,5,5,4,5
"553",3,3,3,2,5,4,6,6,5,5,5,5,4,5
"554",4,4,4,2,5,4,6,6,5,5,5,5,4,5
"555",2,4,5,2,5,4,6,6,5,5,5,5,4,5
"556",2,5,4,2,5,4,6,6,5,5,5,5,4,5
"557",1,1,1,4,4,3,4,1,4,21,1,1,5,5
"558",3,3,3,4,4,3,4,1,4,21,1,1,5,5
"559",4,4,4,4,4,3,4,1,4,21,1,1,5,5
"560",3,4,2,4,4,3,4,1,4,21,1,1,5,5
"561",3,5,4,4,4,3,4,1,4,21,1,1,5,5
"562",2,6,3,4,4,3,4,1,4,21,1,1,5,5
"563",4,4,3,4,4,3,4,1,4,21,1,1,5,5
"717",1,1,1,1,5,3,5,6,5,5,5,6,1,6
"718",2,2,2,1,5,3,5,6,5,5,5,6,1,6
"719",3,3,3,1,5,3,5,6,5,5,5,6,1,6
"720",4,4,4,1,5,3,5,6,5,5,5,6,1,6
"721",5,5,5,1,5,3,5,6,5,5,5,6,1,6
"722",1,3,5,1,5,3,5,6,5,5,5,6,1,6
"723",1,5,3,1,5,3,5,6,5,5,5,6,1,6
"724",2,2,2,2,2,3,1,21,4,1,1,4,2,6
"725",2,2,3,2,2,3,1,21,4,1,1,4,2,6
"726",1,1,1,3,3,5,5,5,6,5,5,6,3,6
"727",2,2,2,3,3,5,5,5,6,5,5,6,3,6
"728",3,3,3,3,3,5,5,5,6,5,5,6,3,6
"729",3,3,4,3,3,5,5,5,6,5,5,6,3,6
"730",3,3,5,3,3,5,5,5,6,5,5,6,3,6
"731",4,4,4,6,3,1,1,5,5,15,1,5,4,6
"732",2,2,2,6,3,1,1,5,5,15,1,5,4,6
"733",3,3,3,6,3,1,1,5,5,15,1,5,4,6
"734",6,6,6,6,3,1,1,5,5,15,1,5,4,6
"735",1,1,1,6,3,1,1,5,5,15,1,5,4,6
"736",1,3,6,6,3,1,1,5,5,15,1,5,4,6
"737",1,6,3,6,3,1,1,5,5,15,1,5,4,6
"738",3,1,6,6,3,1,1,5,5,15,1,5,4,6
"739",6,3,1,6,3,1,1,5,5,15,1,5,4,6
"740",5,5,5,5,5,5,1,1,1,1,27,1,5,6
"822",1,1,1,1,4,4,6,5,5,5,6,5,1,7
"823",1,2,2,1,4,4,6,5,5,5,6,5,1,7
"824",1,3,3,1,4,4,6,5,5,5,6,5,1,7
"825",1,4,4,1,4,4,6,5,5,5,6,5,1,7
"826",3,3,3,1,3,3,4,4,21,1,1,1,2,7
"827",3,3,1,1,3,3,4,4,21,1,1,1,2,7
"828",3,1,3,1,3,3,4,4,21,1,1,1,2,7
"829",1,3,3,1,3,3,4,4,21,1,1,1,2,7
"830",5,5,5,6,4,6,1,1,5,5,15,5,3,7
"831",4,4,4,6,4,6,1,1,5,5,15,5,3,7
"832",4,3,3,6,4,6,1,1,5,5,15,5,3,7
"833",6,4,6,6,4,6,1,1,5,5,15,5,3,7
"834",4,4,4,4,4,4,1,1,1,27,1,1,4,7
"835",1,1,1,1,2,3,6,5,6,5,5,5,5,7
"836",1,3,3,1,2,3,6,5,6,5,5,5,5,7
"837",1,3,4,1,2,3,6,5,6,5,5,5,5,7
"838",1,2,4,1,2,3,6,5,6,5,5,5,5,7
"839",1,6,4,1,2,3,6,5,6,5,5,5,5,7
"840",1,5,3,1,2,3,6,5,6,5,5,5,5,7
"841",1,2,3,1,2,3,6,5,6,5,5,5,5,7
"916",3,3,3,3,3,3,1,1,15,5,5,5,1,8
"917",6,2,3,6,2,4,5,5,5,6,5,6,2,8
"918",6,2,1,6,2,4,5,5,5,6,5,6,2,8
"919",6,2,2,6,2,4,5,5,5,6,5,6,2,8
"920",6,2,6,6,2,4,5,5,5,6,5,6,2,8
"921",6,2,3,6,2,4,5,5,5,6,5,6,2,8
"922",6,2,4,6,2,4,5,5,5,6,5,6,2,8
"923",6,6,6,3,6,2,6,5,5,5,5,6,3,8
"924",6,1,1,3,6,2,6,5,5,5,5,6,3,8
"925",1,6,1,3,6,2,6,5,5,5,5,6,3,8
"926",3,6,4,3,6,2,6,5,5,5,5,6,3,8
"927",3,6,1,3,6,2,6,5,5,5,5,6,3,8
"928",3,6,3,3,6,2,6,5,5,5,5,6,3,8
"929",3,6,4,3,6,2,6,5,5,5,5,6,3,8
"930",3,6,5,3,6,2,6,5,5,5,5,6,3,8
"931",3,6,2,3,6,2,6,5,5,5,5,6,3,8
"932",6,6,6,6,1,6,5,5,5,1,1,15,4,8
"933",6,3,6,6,1,6,5,5,5,1,1,15,4,8
"934",6,1,6,6,1,6,5,5,5,1,1,15,4,8
"935",2,2,2,2,6,2,4,21,1,1,1,4,5,8
"936",2,1,2,2,6,2,4,21,1,1,1,4,5,8
"937",2,6,2,2,6,2,4,21,1,1,1,4,5,8
"1022",6,3,6,1,4,2,4,1,1,4,1,21,1,9
"1023",2,2,5,1,4,2,4,1,1,4,1,21,1,9
"1024",5,1,2,1,4,2,4,1,1,4,1,21,1,9
"1025",1,3,2,1,4,2,4,1,1,4,1,21,1,9
"1026",1,1,2,1,4,2,4,1,1,4,1,21,1,9
"1027",1,3,2,1,4,2,4,1,1,4,1,21,1,9
"1028",1,4,2,1,4,2,4,1,1,4,1,21,1,9
"1029",5,5,5,5,5,5,1,1,1,1,27,1,2,9
"1030",3,3,3,2,6,4,4,4,1,1,1,21,3,9
"1031",5,6,6,2,6,4,4,4,1,1,1,21,3,9
"1032",5,6,4,2,6,4,4,4,1,1,1,21,3,9
"1033",2,6,4,2,6,4,4,4,1,1,1,21,3,9
"1034",5,5,5,5,5,5,1,1,1,1,27,1,4,9
"1035",1,1,1,1,1,3,27,1,1,1,1,1,5,9
"1036",3,1,1,1,1,3,27,1,1,1,1,1,5,9
"1037",1,2,1,1,1,3,27,1,1,1,1,1,5,9
"1038",1,1,4,1,1,3,27,1,1,1,1,1,5,9
"1039",1,1,5,1,1,3,27,1,1,1,1,1,5,9
"1040",1,1,6,1,1,3,27,1,1,1,1,1,5,9
"1041",1,1,2,1,1,3,27,1,1,1,1,1,5,9
"1042",1,1,3,1,1,3,27,1,1,1,1,1,5,9
"1140",5,5,5,4,5,5,1,1,1,1,27,1,1,10
"1141",2,5,5,4,5,5,1,1,1,1,27,1,1,10
"1142",1,5,5,4,5,5,1,1,1,1,27,1,1,10
"1143",3,5,5,4,5,5,1,1,1,1,27,1,1,10
"1144",6,5,5,4,5,5,1,1,1,1,27,1,1,10
"1145",4,5,5,4,5,5,1,1,1,1,27,1,1,10
"1146",6,6,6,6,6,2,1,4,1,1,4,21,2,10
"1147",6,5,6,6,6,2,1,4,1,1,4,21,2,10
"1148",2,6,6,6,6,2,1,4,1,1,4,21,2,10
"1149",6,6,2,6,6,2,1,4,1,1,4,21,2,10
"1150",3,3,3,3,3,3,1,1,27,1,1,1,3,10
"1151",6,6,6,6,6,6,1,1,1,4,4,21,4,10
"1152",3,3,3,4,3,3,1,1,27,1,1,1,5,10
"1153",3,3,1,4,3,3,1,1,27,1,1,1,5,10
"1154",2,3,3,4,3,3,1,1,27,1,1,1,5,10
"1155",4,3,3,4,3,3,1,1,27,1,1,1,5,10
"1185",2,2,5,2,5,5,4,21,1,1,4,1,1,11
"1186",2,2,1,2,5,5,4,21,1,1,4,1,1,11
"1187",2,3,5,2,5,5,4,21,1,1,4,1,1,11
"1188",2,6,5,2,5,5,4,21,1,1,4,1,1,11
"1189",2,4,5,2,5,5,4,21,1,1,4,1,1,11
"1190",2,1,5,2,5,5,4,21,1,1,4,1,1,11
"1191",2,5,5,2,5,5,4,21,1,1,4,1,1,11
"1192",4,4,4,3,5,3,6,6,5,5,5,5,2,11
"1193",1,1,1,3,5,3,6,6,5,5,5,5,2,11
"1194",2,2,2,3,5,3,6,6,5,5,5,5,2,11
"1195",3,3,3,3,5,3,6,6,5,5,5,5,2,11
"1196",3,3,5,3,5,3,6,6,5,5,5,5,2,11
"1197",3,5,3,3,5,3,6,6,5,5,5,5,2,11
"1198",5,5,5,1,1,1,27,1,1,1,1,1,3,11
"1199",1,1,1,1,1,1,27,1,1,1,1,1,3,11
"1200",4,4,4,4,4,4,5,5,1,15,5,1,4,11
"1201",6,6,6,2,3,6,1,5,5,1,5,15,5,11
"1202",6,1,1,2,3,6,1,5,5,1,5,15,5,11
"1203",5,6,5,2,3,6,1,5,5,1,5,15,5,11
"1204",2,2,6,2,3,6,1,5,5,1,5,15,5,11
"1205",3,2,6,2,3,6,1,5,5,1,5,15,5,11
"1206",2,4,6,2,3,6,1,5,5,1,5,15,5,11
"1207",2,3,6,2,3,6,1,5,5,1,5,15,5,11
"1262",1,2,3,4,1,4,5,5,5,6,5,6,1,12
"1263",1,6,5,4,1,4,5,5,5,6,5,6,1,12
"1264",1,4,1,4,1,4,5,5,5,6,5,6,1,12
"1265",1,4,4,4,1,4,5,5,5,6,5,6,1,12
"1266",4,1,4,4,1,4,5,5,5,6,5,6,1,12
"1267",5,5,5,5,5,5,1,4,4,1,21,1,2,12
"1268",4,4,1,2,4,4,5,5,1,15,5,1,3,12
"1269",4,5,4,2,4,4,5,5,1,15,5,1,3,12
"1270",4,1,5,2,4,4,5,5,1,15,5,1,3,12
"1271",5,4,4,2,4,4,5,5,1,15,5,1,3,12
"1272",2,4,4,2,4,4,5,5,1,15,5,1,3,12
"1273",5,5,5,3,5,6,5,1,1,5,15,5,4,12
"1274",5,1,4,3,5,6,5,1,1,5,15,5,4,12
"1275",6,5,2,3,5,6,5,1,1,5,15,5,4,12
"1276",6,5,3,3,5,6,5,1,1,5,15,5,4,12
"1277",3,5,6,3,5,6,5,1,1,5,15,5,4,12
"1278",1,3,4,2,3,2,5,6,5,5,6,5,5,12
"1279",1,2,5,2,3,2,5,6,5,5,6,5,5,12
"1280",5,3,6,2,3,2,5,6,5,5,6,5,5,12
"1281",2,3,4,2,3,2,5,6,5,5,6,5,5,12
"1282",2,3,1,2,3,2,5,6,5,5,6,5,5,12
"1283",2,3,2,2,3,2,5,6,5,5,6,5,5,12
"1360",1,1,1,1,1,6,21,4,4,1,1,1,1,13
"1361",1,1,3,1,1,6,21,4,4,1,1,1,1,13
"1362",1,1,2,1,1,6,21,4,4,1,1,1,1,13
"1363",1,1,4,1,1,6,21,4,4,1,1,1,1,13
"1364",1,1,5,1,1,6,21,4,4,1,1,1,1,13
"1365",1,1,6,1,1,6,21,4,4,1,1,1,1,13
"1366",3,3,3,3,4,5,1,5,15,5,5,1,2,13
"1367",3,5,5,3,4,5,1,5,15,5,5,1,2,13
"1368",3,5,2,3,4,5,1,5,15,5,5,1,2,13
"1369",3,1,5,3,4,5,1,5,15,5,5,1,2,13
"1370",3,4,5,3,4,5,1,5,15,5,5,1,2,13
"1371",3,3,3,1,2,6,5,5,15,1,1,5,3,13
"1372",6,6,6,1,2,6,5,5,15,1,1,5,3,13
"1373",6,1,1,1,2,6,5,5,15,1,1,5,3,13
"1374",1,4,6,1,2,6,5,5,15,1,1,5,3,13
"1375",1,2,6,1,2,6,5,5,15,1,1,5,3,13
"1376",6,6,6,3,4,6,1,1,1,1,1,27,4,13
"1377",6,1,2,3,4,6,1,1,1,1,1,27,4,13
"1378",4,6,5,3,4,6,1,1,1,1,1,27,4,13
"1379",3,4,6,3,4,6,1,1,1,1,1,27,4,13
"1380",6,6,6,5,3,6,5,5,6,5,5,6,5,13
"1381",6,4,4,5,3,6,5,5,6,5,5,6,5,13
"1382",2,6,1,5,3,6,5,5,6,5,5,6,5,13
"1383",5,5,6,5,3,6,5,5,6,5,5,6,5,13
"1384",3,5,6,5,3,6,5,5,6,5,5,6,5,13
"1385",5,3,6,5,3,6,5,5,6,5,5,6,5,13
"1448",4,5,5,5,5,5,1,1,1,1,27,1,1,14
"1449",4,5,3,5,5,5,1,1,1,1,27,1,1,14
"1450",6,5,5,5,5,5,1,1,1,1,27,1,1,14
"1451",2,5,5,5,5,5,1,1,1,1,27,1,1,14
"1452",1,5,5,5,5,5,1,1,1,1,27,1,1,14
"1453",5,5,5,5,5,5,1,1,1,1,27,1,1,14
"1454",3,1,5,4,5,1,5,1,5,5,15,1,2,14
"1455",1,5,3,4,5,1,5,1,5,5,15,1,2,14
"1456",1,1,5,4,5,1,5,1,5,5,15,1,2,14
"1457",4,5,1,4,5,1,5,1,5,5,15,1,2,14
"1458",5,2,2,2,2,2,1,27,1,1,1,1,3,14
"1459",4,2,2,2,2,2,1,27,1,1,1,1,3,14
"1460",6,2,2,2,2,2,1,27,1,1,1,1,3,14
"1461",1,2,2,2,2,2,1,27,1,1,1,1,3,14
"1462",2,2,2,2,2,2,1,27,1,1,1,1,3,14
"1463",2,4,6,1,3,3,5,6,5,6,5,5,4,14
"1464",5,1,1,1,3,3,5,6,5,6,5,5,4,14
"1465",1,3,3,1,3,3,5,6,5,6,5,5,4,14
"1466",1,6,6,6,3,3,5,1,5,1,5,15,5,14
"1467",6,5,5,6,3,3,5,1,5,1,5,15,5,14
"1468",6,2,4,6,3,3,5,1,5,1,5,15,5,14
"1469",6,3,3,6,3,3,5,1,5,1,5,15,5,14
"1546",4,2,3,6,2,6,5,6,5,6,5,5,1,15
"1547",1,1,1,6,2,6,5,6,5,6,5,5,1,15
"1548",3,2,6,6,2,6,5,6,5,6,5,5,1,15
"1549",3,2,5,6,2,6,5,6,5,6,5,5,1,15
"1550",2,2,6,6,2,6,5,6,5,6,5,5,1,15
"1551",6,2,6,6,2,6,5,6,5,6,5,5,1,15
"1552",4,5,2,1,6,3,5,5,6,5,5,6,2,15
"1553",6,3,1,1,6,3,5,5,6,5,5,6,2,15
"1554",1,6,2,1,6,3,5,5,6,5,5,6,2,15
"1555",1,6,3,1,6,3,5,5,6,5,5,6,2,15
"1556",4,4,4,4,4,5,1,1,4,21,4,1,3,15
"1557",4,3,4,4,4,5,1,1,4,21,4,1,3,15
"1558",4,4,1,4,4,5,1,1,4,21,4,1,3,15
"1559",4,4,5,4,4,5,1,1,4,21,4,1,3,15
"1560",6,6,1,6,6,6,5,1,5,1,5,15,4,15
"1561",6,1,5,6,6,6,5,1,5,1,5,15,4,15
"1562",6,6,3,6,6,6,5,1,5,1,5,15,4,15
"1563",6,6,6,6,6,6,5,1,5,1,5,15,4,15
"1564",3,1,5,5,1,3,5,1,15,5,5,1,5,15
"1565",3,2,4,5,1,3,5,1,15,5,5,1,5,15
"1566",1,3,5,5,1,3,5,1,15,5,5,1,5,15
"1567",5,1,3,5,1,3,5,1,15,5,5,1,5,15
"1638",1,4,5,6,5,4,5,1,1,5,5,15,1,18
"1639",1,4,6,6,5,4,5,1,1,5,5,15,1,18
"1640",1,4,2,6,5,4,5,1,1,5,5,15,1,18
"1641",1,4,3,6,5,4,5,1,1,5,5,15,1,18
"1642",1,5,6,6,5,4,5,1,1,5,5,15,1,18
"1643",1,5,1,6,5,4,5,1,1,5,5,15,1,18
"1644",2,5,3,6,5,4,5,1,1,5,5,15,1,18
"1645",3,5,6,6,5,4,5,1,1,5,5,15,1,18
"1646",6,5,3,6,5,4,5,1,1,5,5,15,1,18
"1647",6,5,2,6,5,4,5,1,1,5,5,15,1,18
"1648",6,5,4,6,5,4,5,1,1,5,5,15,1,18
"1649",3,3,3,6,3,3,1,1,21,1,4,4,2,18
"1650",3,3,4,6,3,3,1,1,21,1,4,4,2,18
"1651",3,2,3,6,3,3,1,1,21,1,4,4,2,18
"1652",3,3,5,6,3,3,1,1,21,1,4,4,2,18
"1653",5,3,3,6,3,3,1,1,21,1,4,4,2,18
"1654",1,3,3,6,3,3,1,1,21,1,4,4,2,18
"1655",2,3,3,6,3,3,1,1,21,1,4,4,2,18
"1656",6,3,3,6,3,3,1,1,21,1,4,4,2,18
"1657",4,4,4,4,4,4,1,1,1,27,1,1,3,18
"1658",1,2,2,2,2,2,5,15,5,1,5,1,4,18
"1659",1,2,3,2,2,2,5,15,5,1,5,1,4,18
"1660",1,3,2,2,2,2,5,15,5,1,5,1,4,18
"1661",3,2,2,2,2,2,5,15,5,1,5,1,4,18
"1662",5,2,2,2,2,2,5,15,5,1,5,1,4,18
"1663",1,2,2,2,2,2,5,15,5,1,5,1,4,18
"1664",4,2,2,2,2,2,5,15,5,1,5,1,4,18
"1665",6,2,2,2,2,2,5,15,5,1,5,1,4,18
"1666",2,2,2,2,2,2,5,15,5,1,5,1,4,18
"1667",4,4,4,4,4,4,1,1,1,27,1,1,5,18
"1756",5,5,5,5,1,5,4,1,1,4,21,1,1,19
"1757",5,5,1,5,1,5,4,1,1,4,21,1,1,19
"1758",1,5,5,5,1,5,4,1,1,4,21,1,1,19
"1759",5,1,5,5,1,5,4,1,1,4,21,1,1,19
"1760",1,1,1,1,6,2,6,5,5,5,5,6,2,19
"1761",1,2,2,1,6,2,6,5,5,5,5,6,2,19
"1762",1,2,3,1,6,2,6,5,5,5,5,6,2,19
"1763",1,4,2,1,6,2,6,5,5,5,5,6,2,19
"1764",1,5,2,1,6,2,6,5,5,5,5,6,2,19
"1765",1,6,2,1,6,2,6,5,5,5,5,6,2,19
"1766",5,5,5,5,5,2,1,1,1,1,27,1,3,19
"1767",5,5,1,5,5,2,1,1,1,1,27,1,3,19
"1768",5,5,2,5,5,2,1,1,1,1,27,1,3,19
"1769",2,2,2,2,4,2,1,21,1,4,4,1,4,19
"1770",2,2,1,2,4,2,1,21,1,4,4,1,4,19
"1771",2,3,2,2,4,2,1,21,1,4,4,1,4,19
"1772",2,4,2,2,4,2,1,21,1,4,4,1,4,19
"1773",1,1,1,4,3,6,5,6,5,5,5,6,5,19
"1774",2,2,2,4,3,6,5,6,5,5,5,6,5,19
"1775",3,3,3,4,3,6,5,6,5,5,5,6,5,19
"1776",3,4,4,4,3,6,5,6,5,5,5,6,5,19
"1777",4,3,5,4,3,6,5,6,5,5,5,6,5,19
"1778",4,3,6,4,3,6,5,6,5,5,5,6,5,19
"1865",1,1,1,1,1,1,15,1,5,1,5,5,1,20
"1866",4,4,4,6,5,1,4,4,1,21,1,1,2,20
"1867",1,1,1,6,5,1,4,4,1,21,1,1,2,20
"1868",1,2,2,6,5,1,4,4,1,21,1,1,2,20
"1869",3,1,5,6,5,1,4,4,1,21,1,1,2,20
"1870",6,3,1,6,5,1,4,4,1,21,1,1,2,20
"1871",6,5,1,6,5,1,4,4,1,21,1,1,2,20
"1872",2,2,2,1,5,2,5,15,1,1,5,5,3,20
"1873",2,3,1,1,5,2,5,15,1,1,5,5,3,20
"1874",2,3,4,1,5,2,5,15,1,1,5,5,3,20
"1875",1,1,2,1,5,2,5,15,1,1,5,5,3,20
"1876",1,2,2,1,5,2,5,15,1,1,5,5,3,20
"1877",1,5,2,1,5,2,5,15,1,1,5,5,3,20
"1878",2,2,2,4,2,2,1,21,4,1,1,4,4,20
"1879",2,2,1,4,2,2,1,21,4,1,1,4,4,20
"1880",2,3,2,4,2,2,1,21,4,1,1,4,4,20
"1881",4,2,2,4,2,2,1,21,4,1,1,4,4,20
"1882",2,2,2,1,4,2,4,21,4,1,1,1,5,20
"1883",2,3,3,1,4,2,4,21,4,1,1,1,5,20
"1884",3,2,3,1,4,2,4,21,4,1,1,1,5,20
"1885",4,4,2,1,4,2,4,21,4,1,1,1,5,20
"1886",4,5,1,1,4,2,4,21,4,1,1,1,5,20
"1887",6,4,2,1,4,2,4,21,4,1,1,1,5,20
"1888",4,4,2,1,4,2,4,21,4,1,1,1,5,20
"1889",4,4,2,1,4,2,4,21,4,1,1,1,5,20
"1890",5,4,2,1,4,2,4,21,4,1,1,1,5,20
"1891",6,5,2,1,4,2,4,21,4,1,1,1,5,20
"1892",1,4,2,1,4,2,4,21,4,1,1,1,5,20
"2002",1,1,1,3,1,4,15,1,5,5,1,5,1,21
"2003",1,3,3,3,1,4,15,1,5,5,1,5,1,21
"2004",3,1,3,3,1,4,15,1,5,5,1,5,1,21
"2005",3,1,4,3,1,4,15,1,5,5,1,5,1,21
"2006",4,4,4,4,4,4,4,1,1,21,4,1,2,21
"2007",1,1,1,1,2,1,27,1,1,1,1,1,3,21
"2008",1,1,2,1,2,1,27,1,1,1,1,1,3,21
"2009",1,2,1,1,2,1,27,1,1,1,1,1,3,21
"2010",6,6,6,1,6,3,5,5,5,6,5,6,4,21
"2011",6,1,6,1,6,3,5,5,5,6,5,6,4,21
"2012",1,6,6,1,6,3,5,5,5,6,5,6,4,21
"2013",1,6,2,1,6,3,5,5,5,6,5,6,4,21
"2014",1,6,3,1,6,3,5,5,5,6,5,6,4,21
"2015",2,2,2,1,2,1,5,15,1,1,5,5,5,21
"2016",2,1,1,1,2,1,5,15,1,1,5,5,5,21
"2017",1,2,1,1,2,1,5,15,1,1,5,5,5,21
"2095",1,1,1,1,1,5,15,5,5,1,5,1,1,22
"2096",1,1,2,1,1,5,15,5,5,1,5,1,1,22
"2097",1,1,3,1,1,5,15,5,5,1,5,1,1,22
"2098",1,1,4,1,1,5,15,5,5,1,5,1,1,22
"2099",1,1,5,1,1,5,15,5,5,1,5,1,1,22
"2100",1,1,1,5,3,5,5,6,6,5,5,5,2,22
"2101",2,2,2,5,3,5,5,6,6,5,5,5,2,22
"2102",3,3,3,5,3,5,5,6,6,5,5,5,2,22
"2103",4,3,4,5,3,5,5,6,6,5,5,5,2,22
"2104",5,3,5,5,3,5,5,6,6,5,5,5,2,22
"2105",1,1,1,5,6,2,6,5,5,5,6,5,3,22
"2106",2,2,2,5,6,2,6,5,5,5,6,5,3,22
"2107",3,3,2,5,6,2,6,5,5,5,6,5,3,22
"2108",4,4,2,5,6,2,6,5,5,5,6,5,3,22
"2109",5,5,2,5,6,2,6,5,5,5,6,5,3,22
"2110",6,5,2,5,6,2,6,5,5,5,6,5,3,22
"2111",5,6,2,5,6,2,6,5,5,5,6,5,3,22
"2112",1,1,1,5,3,1,5,5,6,6,5,5,4,22
"2113",1,2,2,5,3,1,5,5,6,6,5,5,4,22
"2114",3,1,3,5,3,1,5,5,6,6,5,5,4,22
"2115",4,3,1,5,3,1,5,5,6,6,5,5,4,22
"2116",5,3,1,5,3,1,5,5,6,6,5,5,4,22
"2117",1,1,1,2,1,5,5,5,5,6,5,6,5,22
"2118",1,2,2,2,1,5,5,5,5,6,5,6,5,22
"2119",2,1,3,2,1,5,5,5,5,6,5,6,5,22
"2120",2,1,4,2,1,5,5,5,5,6,5,6,5,22
"2121",2,1,5,2,1,5,5,5,5,6,5,6,5,22
"2144",1,1,1,1,4,6,5,1,5,5,1,15,1,23
"2145",1,2,3,1,4,6,5,1,5,5,1,15,1,23
"2146",1,3,4,1,4,6,5,1,5,5,1,15,1,23
"2147",1,4,3,1,4,6,5,1,5,5,1,15,1,23
"2148",1,5,3,1,4,6,5,1,5,5,1,15,1,23
"2149",1,4,2,1,4,6,5,1,5,5,1,15,1,23
"2150",1,4,5,1,4,6,5,1,5,5,1,15,1,23
"2151",1,4,6,1,4,6,5,1,5,5,1,15,1,23
"2152",1,2,3,6,6,6,1,1,4,1,4,21,2,23
"2153",2,3,1,6,6,6,1,1,4,1,4,21,2,23
"2154",4,5,6,6,6,6,1,1,4,1,4,21,2,23
"2155",4,4,2,6,6,6,1,1,4,1,4,21,2,23
"2156",3,5,4,6,6,6,1,1,4,1,4,21,2,23
"2157",5,1,6,6,6,6,1,1,4,1,4,21,2,23
"2158",6,6,6,6,6,6,1,1,4,1,4,21,2,23
"2159",1,2,3,2,2,2,1,27,1,1,1,1,3,23
"2160",1,3,2,2,2,2,1,27,1,1,1,1,3,23
"2161",1,1,4,2,2,2,1,27,1,1,1,1,3,23
"2162",2,2,2,2,2,2,1,27,1,1,1,1,3,23
"2163",1,2,3,6,3,3,4,1,4,1,1,21,4,23
"2164",1,6,6,6,3,3,4,1,4,1,1,21,4,23
"2165",5,1,3,6,3,3,4,1,4,1,1,21,4,23
"2166",5,3,1,6,3,3,4,1,4,1,1,21,4,23
"2167",5,2,2,6,3,3,4,1,4,1,1,21,4,23
"2168",2,1,3,6,3,3,4,1,4,1,1,21,4,23
"2169",3,3,1,6,3,3,4,1,4,1,1,21,4,23
"2170",2,3,1,6,3,3,4,1,4,1,1,21,4,23
"2171",6,4,1,6,3,3,4,1,4,1,1,21,4,23
"2172",4,5,1,6,3,3,4,1,4,1,1,21,4,23
"2173",2,2,1,6,3,3,4,1,4,1,1,21,4,23
"2174",6,6,5,6,3,3,4,1,4,1,1,21,4,23
"2175",2,1,5,6,3,3,4,1,4,1,1,21,4,23
"2176",4,6,5,6,3,3,4,1,4,1,1,21,4,23
"2177",1,4,6,6,3,3,4,1,4,1,1,21,4,23
"2178",6,4,3,6,3,3,4,1,4,1,1,21,4,23
"2179",6,4,2,6,3,3,4,1,4,1,1,21,4,23
"2180",6,1,3,6,3,3,4,1,4,1,1,21,4,23
"2181",6,2,3,6,3,3,4,1,4,1,1,21,4,23
"2182",6,3,3,6,3,3,4,1,4,1,1,21,4,23
"2183",1,2,3,5,4,1,4,1,1,4,21,1,5,23
"2184",1,2,4,5,4,1,4,1,1,4,21,1,5,23
"2185",2,3,4,5,4,1,4,1,1,4,21,1,5,23
"2186",4,4,2,5,4,1,4,1,1,4,21,1,5,23
"2187",3,5,2,5,4,1,4,1,1,4,21,1,5,23
"2188",4,1,2,5,4,1,4,1,1,4,21,1,5,23
"2189",3,4,1,5,4,1,4,1,1,4,21,1,5,23
"2190",5,4,1,5,4,1,4,1,1,4,21,1,5,23
"2201",1,2,3,5,2,1,5,15,1,1,5,5,1,24
"2202",1,3,2,5,2,1,5,15,1,1,5,5,1,24
"2203",2,2,3,5,2,1,5,15,1,1,5,5,1,24
"2204",3,2,4,5,2,1,5,15,1,1,5,5,1,24
"2205",5,2,1,5,2,1,5,15,1,1,5,5,1,24
"2206",1,2,3,5,1,2,5,15,5,1,1,5,2,24
"2207",2,1,3,5,1,2,5,15,5,1,1,5,2,24
"2208",4,1,1,5,1,2,5,15,5,1,1,5,2,24
"2209",3,1,4,5,1,2,5,15,5,1,1,5,2,24
"2210",5,1,6,5,1,2,5,15,5,1,1,5,2,24
"2211",6,1,2,5,1,2,5,15,5,1,1,5,2,24
"2212",2,1,6,5,1,2,5,15,5,1,1,5,2,24
"2213",5,1,2,5,1,2,5,15,5,1,1,5,2,24
"2214",1,2,3,2,2,6,5,5,6,5,5,6,3,24
"2215",1,4,5,2,2,6,5,5,6,5,5,6,3,24
"2216",2,4,5,2,2,6,5,5,6,5,5,6,3,24
"2217",2,1,2,2,2,6,5,5,6,5,5,6,3,24
"2218",2,6,1,2,2,6,5,5,6,5,5,6,3,24
"2219",2,2,1,2,2,6,5,5,6,5,5,6,3,24
"2220",2,6,2,2,2,6,5,5,6,5,5,6,3,24
"2221",6,2,2,2,2,6,5,5,6,5,5,6,3,24
"2222",2,2,6,2,2,6,5,5,6,5,5,6,3,24
"2223",1,2,3,5,2,2,5,6,5,6,5,5,4,24
"2224",1,1,1,5,2,2,5,6,5,6,5,5,4,24
"2225",2,2,2,5,2,2,5,6,5,6,5,5,4,24
"2226",2,2,4,5,2,2,5,6,5,6,5,5,4,24
"2227",2,1,2,5,2,2,5,6,5,6,5,5,4,24
"2228",2,3,2,5,2,2,5,6,5,6,5,5,4,24
"2229",2,4,2,5,2,2,5,6,5,6,5,5,4,24
"2230",5,2,2,5,2,2,5,6,5,6,5,5,4,24
"2231",1,2,3,1,3,4,5,1,5,5,15,1,5,24
"2232",1,2,4,1,3,4,5,1,5,5,15,1,5,24
"2233",1,2,5,1,3,4,5,1,5,5,15,1,5,24
"2234",2,3,5,1,3,4,5,1,5,5,15,1,5,24
"2235",4,2,5,1,3,4,5,1,5,5,15,1,5,24
"2236",1,5,4,1,3,4,5,1,5,5,15,1,5,24
"2237",1,5,2,1,3,4,5,1,5,5,15,1,5,24
"2238",3,5,4,1,3,4,5,1,5,5,15,1,5,24
"2239",6,5,4,1,3,4,5,1,5,5,15,1,5,24
"2240",6,5,1,1,3,4,5,1,5,5,15,1,5,24
"2241",1,4,6,1,3,4,5,1,5,5,15,1,5,24
"2242",3,4,6,1,3,4,5,1,5,5,15,1,5,24
"2243",6,4,5,1,3,4,5,1,5,5,15,1,5,24
"2244",2,5,1,1,3,4,5,1,5,5,15,1,5,24
"2245",1,2,3,1,3,4,5,1,5,5,15,1,5,24
"2246",1,2,3,1,3,4,5,1,5,5,15,1,5,24
"2247",1,2,4,1,3,4,5,1,5,5,15,1,5,24
"2248",1,3,4,1,3,4,5,1,5,5,15,1,5,24
"2332",1,1,1,3,4,5,5,5,1,5,15,1,1,25
"2333",2,2,2,3,4,5,5,5,1,5,15,1,1,25
"2334",3,3,3,3,4,5,5,5,1,5,15,1,1,25
"2335",3,4,4,3,4,5,5,5,1,5,15,1,1,25
"2336",3,4,5,3,4,5,5,5,1,5,15,1,1,25
"2337",1,1,1,5,2,4,5,6,5,6,5,5,2,25
"2338",2,2,2,5,2,4,5,6,5,6,5,5,2,25
"2339",2,3,3,5,2,4,5,6,5,6,5,5,2,25
"2340",2,4,4,5,2,4,5,6,5,6,5,5,2,25
"2341",4,2,5,5,2,4,5,6,5,6,5,5,2,25
"2342",4,5,2,5,2,4,5,6,5,6,5,5,2,25
"2343",5,4,2,5,2,4,5,6,5,6,5,5,2,25
"2344",5,4,2,5,2,4,5,6,5,6,5,5,2,25
"2345",4,5,2,5,2,4,5,6,5,6,5,5,2,25
"2346",2,4,5,5,2,4,5,6,5,6,5,5,2,25
"2347",5,2,4,5,2,4,5,6,5,6,5,5,2,25
"2348",1,1,1,2,1,3,6,5,5,5,5,6,3,25
"2349",1,2,2,2,1,3,6,5,5,5,5,6,3,25
"2350",3,1,2,2,1,3,6,5,5,5,5,6,3,25
"2351",2,1,3,2,1,3,6,5,5,5,5,6,3,25
"2352",1,1,1,5,5,5,1,1,1,1,27,1,4,25
"2353",2,2,2,5,5,5,1,1,1,1,27,1,4,25
"2354",3,3,3,5,5,5,1,1,1,1,27,1,4,25
"2355",4,4,4,5,5,5,1,1,1,1,27,1,4,25
"2356",5,5,5,5,5,5,1,1,1,1,27,1,4,25
"2357",1,1,1,6,6,3,5,15,5,1,1,5,5,25
"2358",2,2,2,6,6,3,5,15,5,1,1,5,5,25
"2359",3,3,3,6,6,3,5,15,5,1,1,5,5,25
"2360",3,4,4,6,6,3,5,15,5,1,1,5,5,25
"2361",5,3,5,6,6,3,5,15,5,1,1,5,5,25
"2362",6,6,3,6,6,3,5,15,5,1,1,5,5,25
"2381",1,6,4,5,5,5,1,1,1,1,27,1,1,26
"2382",5,2,5,5,5,5,1,1,1,1,27,1,1,26
"2383",5,2,3,5,5,5,1,1,1,1,27,1,1,26
"2384",5,2,2,5,5,5,1,1,1,1,27,1,1,26
"2385",5,2,5,5,5,5,1,1,1,1,27,1,1,26
"2386",5,2,6,5,5,5,1,1,1,1,27,1,1,26
"2387",5,2,1,5,5,5,1,1,1,1,27,1,1,26
"2388",5,5,2,5,5,5,1,1,1,1,27,1,1,26
"2389",5,5,2,5,5,5,1,1,1,1,27,1,1,26
"2390",5,5,3,5,5,5,1,1,1,1,27,1,1,26
"2391",5,5,4,5,5,5,1,1,1,1,27,1,1,26
"2392",5,5,5,5,5,5,1,1,1,1,27,1,1,26
"2393",1,1,1,6,2,6,4,4,1,1,1,21,2,26
"2394",1,2,3,6,2,6,4,4,1,1,1,21,2,26
"2395",1,4,5,6,2,6,4,4,1,1,1,21,2,26
"2396",1,5,6,6,2,6,4,4,1,1,1,21,2,26
"2397",1,6,3,6,2,6,4,4,1,1,1,21,2,26
"2398",3,1,3,6,2,6,4,4,1,1,1,21,2,26
"2399",1,6,6,6,2,6,4,4,1,1,1,21,2,26
"2400",1,1,6,6,2,6,4,4,1,1,1,21,2,26
"2401",1,2,6,6,2,6,4,4,1,1,1,21,2,26
"2402",1,2,4,6,2,6,4,4,1,1,1,21,2,26
"2403",1,2,5,6,2,6,4,4,1,1,1,21,2,26
"2404",1,3,3,6,2,6,4,4,1,1,1,21,2,26
"2405",1,2,1,6,2,6,4,4,1,1,1,21,2,26
"2406",1,2,6,6,2,6,4,4,1,1,1,21,2,26
"2407",1,6,2,6,2,6,4,4,1,1,1,21,2,26
"2408",1,2,6,6,2,6,4,4,1,1,1,21,2,26
"2409",2,6,1,6,2,6,4,4,1,1,1,21,2,26
"2410",2,1,6,6,2,6,4,4,1,1,1,21,2,26
"2411",2,1,2,6,2,6,4,4,1,1,1,21,2,26
"2412",1,2,6,6,2,6,4,4,1,1,1,21,2,26
"2413",1,2,3,6,2,6,4,4,1,1,1,21,2,26
"2414",1,2,4,6,2,6,4,4,1,1,1,21,2,26
"2415",1,2,5,6,2,6,4,4,1,1,1,21,2,26
"2416",1,1,6,6,2,6,4,4,1,1,1,21,2,26
"2417",1,6,2,6,2,6,4,4,1,1,1,21,2,26
"2418",6,1,2,6,2,6,4,4,1,1,1,21,2,26
"2419",6,2,1,6,2,6,4,4,1,1,1,21,2,26
"2420",6,2,2,6,2,6,4,4,1,1,1,21,2,26
"2421",6,2,3,6,2,6,4,4,1,1,1,21,2,26
"2422",6,2,4,6,2,6,4,4,1,1,1,21,2,26
"2423",6,2,5,6,2,6,4,4,1,1,1,21,2,26
"2424",6,2,6,6,2,6,4,4,1,1,1,21,2,26
"2425",1,3,2,6,6,1,5,5,1,5,1,15,3,26
"2426",1,4,5,6,6,1,5,5,1,5,1,15,3,26
"2427",2,1,6,6,6,1,5,5,1,5,1,15,3,26
"2428",1,1,2,6,6,1,5,5,1,5,1,15,3,26
"2429",1,2,4,6,6,1,5,5,1,5,1,15,3,26
"2430",2,3,1,6,6,1,5,5,1,5,1,15,3,26
"2431",2,6,1,6,6,1,5,5,1,5,1,15,3,26
"2432",2,6,2,6,6,1,5,5,1,5,1,15,3,26
"2433",2,6,3,6,6,1,5,5,1,5,1,15,3,26
"2434",1,2,2,6,6,1,5,5,1,5,1,15,3,26
"2435",2,6,6,6,6,1,5,5,1,5,1,15,3,26
"2436",2,2,6,6,6,1,5,5,1,5,1,15,3,26
"2437",2,4,6,6,6,1,5,5,1,5,1,15,3,26
"2438",2,2,2,6,6,1,5,5,1,5,1,15,3,26
"2439",6,6,2,6,6,1,5,5,1,5,1,15,3,26
"2440",6,6,6,6,6,1,5,5,1,5,1,15,3,26
"2441",6,6,1,6,6,1,5,5,1,5,1,15,3,26
"2442",1,2,3,3,3,3,1,1,27,1,1,1,4,26
"2443",1,4,5,3,3,3,1,1,27,1,1,1,4,26
"2444",1,5,6,3,3,3,1,1,27,1,1,1,4,26
"2445",2,1,1,3,3,3,1,1,27,1,1,1,4,26
"2446",1,5,6,3,3,3,1,1,27,1,1,1,4,26
"2447",6,1,2,3,3,3,1,1,27,1,1,1,4,26
"2448",3,3,4,3,3,3,1,1,27,1,1,1,4,26
"2449",3,3,1,3,3,3,1,1,27,1,1,1,4,26
"2450",3,3,2,3,3,3,1,1,27,1,1,1,4,26
"2451",3,3,5,3,3,3,1,1,27,1,1,1,4,26
"2452",3,3,6,3,3,3,1,1,27,1,1,1,4,26
"2453",3,3,3,3,3,3,1,1,27,1,1,1,4,26
"2454",1,2,3,3,3,3,5,6,5,6,5,5,5,26
"2455",1,4,5,3,3,3,5,6,5,6,5,5,5,26
"2456",1,3,6,3,3,3,5,6,5,6,5,5,5,26
"2457",1,5,1,3,3,3,5,6,5,6,5,5,5,26
"2458",2,1,3,3,3,3,5,6,5,6,5,5,5,26
"2459",2,2,5,3,3,3,5,6,5,6,5,5,5,26
"2460",2,3,2,3,3,3,5,6,5,6,5,5,5,26
"2461",2,2,2,3,3,3,5,6,5,6,5,5,5,26
"2462",2,6,2,3,3,3,5,6,5,6,5,5,5,26
"2463",1,3,2,3,3,3,5,6,5,6,5,5,5,26
"2464",1,2,1,3,3,3,5,6,5,6,5,5,5,26
"2465",1,2,3,3,3,3,5,6,5,6,5,5,5,26
"2466",3,2,1,3,3,3,5,6,5,6,5,5,5,26
"2467",3,1,3,3,3,3,5,6,5,6,5,5,5,26
"2468",3,1,2,3,3,3,5,6,5,6,5,5,5,26
"2469",3,1,1,3,3,3,5,6,5,6,5,5,5,26
"2470",3,3,3,3,3,3,5,6,5,6,5,5,5,26
"2556",1,2,3,5,5,3,1,1,4,1,21,4,1,27
"2557",1,1,1,5,5,3,1,1,4,1,21,4,1,27
"2558",2,2,2,5,5,3,1,1,4,1,21,4,1,27
"2559",4,5,3,5,5,3,1,1,4,1,21,4,1,27
"2560",4,6,3,5,5,3,1,1,4,1,21,4,1,27
"2561",3,5,3,5,5,3,1,1,4,1,21,4,1,27
"2562",5,5,3,5,5,3,1,1,4,1,21,4,1,27
"2563",1,2,3,5,1,1,21,1,4,1,1,4,2,27
"2564",1,1,1,5,1,1,21,1,4,1,1,4,2,27
"2565",1,1,2,5,1,1,21,1,4,1,1,4,2,27
"2566",1,4,1,5,1,1,21,1,4,1,1,4,2,27
"2567",5,1,1,5,1,1,21,1,4,1,1,4,2,27
"2568",1,2,3,3,3,3,1,4,21,1,4,1,3,27
"2569",1,1,1,3,3,3,1,4,21,1,4,1,3,27
"2570",2,2,2,3,3,3,1,4,21,1,4,1,3,27
"2571",3,3,3,3,3,3,1,4,21,1,4,1,3,27
"2572",1,2,3,2,5,1,6,5,5,5,5,6,4,27
"2573",1,1,1,2,5,1,6,5,5,5,5,6,4,27
"2574",2,1,2,2,5,1,6,5,5,5,5,6,4,27
"2575",1,1,2,2,5,1,6,5,5,5,5,6,4,27
"2576",2,4,1,2,5,1,6,5,5,5,5,6,4,27
"2577",2,5,1,2,5,1,6,5,5,5,5,6,4,27
"2578",1,2,3,1,5,5,5,1,5,5,15,1,5,27
"2579",1,1,1,1,5,5,5,1,5,5,15,1,5,27
"2580",1,4,5,1,5,5,5,1,5,5,15,1,5,27
"2581",1,4,1,1,5,5,5,1,5,5,15,1,5,27
"2582",1,1,5,1,5,5,5,1,5,5,15,1,5,27
"2583",1,6,5,1,5,5,5,1,5,5,15,1,5,27
"2584",1,5,5,1,5,5,5,1,5,5,15,1,5,27
"2659",2,2,2,2,2,2,1,21,4,4,1,1,1,28
"2660",1,2,6,2,1,6,6,6,5,5,5,5,2,28
"2661",3,2,1,2,1,6,6,6,5,5,5,5,2,28
"2662",1,4,2,2,1,6,6,6,5,5,5,5,2,28
"2663",1,3,2,2,1,6,6,6,5,5,5,5,2,28
"2664",3,1,6,2,1,6,6,6,5,5,5,5,2,28
"2665",1,1,6,2,1,6,6,6,5,5,5,5,2,28
"2666",4,1,6,2,1,6,6,6,5,5,5,5,2,28
"2667",2,1,6,2,1,6,6,6,5,5,5,5,2,28
"2668",1,3,2,5,6,5,5,6,6,5,5,5,3,28
"2669",4,5,6,5,6,5,5,6,6,5,5,5,3,28
"2670",6,4,2,5,6,5,5,6,6,5,5,5,3,28
"2671",3,6,5,5,6,5,5,6,6,5,5,5,3,28
"2672",6,6,5,5,6,5,5,6,6,5,5,5,3,28
"2673",5,6,5,5,6,5,5,6,6,5,5,5,3,28
"2674",6,6,6,6,6,6,1,1,1,1,1,27,4,28
"2675",2,2,2,1,2,3,4,21,1,4,1,1,5,28
"2676",2,4,4,1,2,3,4,21,1,4,1,1,5,28
"2677",1,2,1,1,2,3,4,21,1,4,1,1,5,28
"2678",1,2,5,1,2,3,4,21,1,4,1,1,5,28
"2679",1,2,6,1,2,3,4,21,1,4,1,1,5,28
"2680",1,2,3,1,2,3,4,21,1,4,1,1,5,28
"2763",3,4,4,6,6,3,1,1,5,15,5,5,1,29
"2764",3,5,6,6,6,3,1,1,5,15,5,5,1,29
"2765",3,5,1,6,6,3,1,1,5,15,5,5,1,29
"2766",3,2,6,6,6,3,1,1,5,15,5,5,1,29
"2767",3,3,6,6,6,3,1,1,5,15,5,5,1,29
"2768",3,6,6,6,6,3,1,1,5,15,5,5,1,29
"2769",6,6,3,6,6,3,1,1,5,15,5,5,1,29
"2770",1,1,1,1,1,1,21,4,1,1,4,1,2,29
"2771",5,5,5,5,1,5,1,1,1,1,27,1,3,29
"2772",5,5,1,5,1,5,1,1,1,1,27,1,3,29
"2773",5,1,5,5,1,5,1,1,1,1,27,1,3,29
"2774",1,2,3,2,4,4,6,5,5,5,5,6,4,29
"2775",1,4,5,2,4,4,6,5,5,5,5,6,4,29
"2776",2,4,6,2,4,4,6,5,5,5,5,6,4,29
"2777",2,4,4,2,4,4,6,5,5,5,5,6,4,29
"2778",4,5,5,5,5,5,1,1,1,4,21,4,5,29
"2779",4,5,6,5,5,5,1,1,1,4,21,4,5,29
"2780",1,5,5,5,5,5,1,1,1,4,21,4,5,29
"2781",2,5,5,5,5,5,1,1,1,4,21,4,5,29
"2782",3,5,5,5,5,5,1,1,1,4,21,4,5,29
"2783",5,5,5,5,5,5,1,1,1,4,21,4,5,29
"2836",2,3,4,6,2,4,6,5,5,5,6,5,1,30
"2837",2,4,5,6,2,4,6,5,5,5,6,5,1,30
"2838",2,3,1,6,2,4,6,5,5,5,6,5,1,30
"2839",4,2,6,6,2,4,6,5,5,5,6,5,1,30
"2840",4,2,6,6,2,4,6,5,5,5,6,5,1,30
"2841",4,6,2,6,2,4,6,5,5,5,6,5,1,30
"2842",2,6,4,6,2,4,6,5,5,5,6,5,1,30
"2843",2,4,6,6,2,4,6,5,5,5,6,5,1,30
"2844",6,2,4,6,2,4,6,5,5,5,6,5,1,30
"2845",1,1,4,1,1,1,27,1,1,1,1,1,2,30
"2846",1,1,2,1,1,1,27,1,1,1,1,1,2,30
"2847",1,1,3,1,1,1,27,1,1,1,1,1,2,30
"2848",1,1,5,1,1,1,27,1,1,1,1,1,2,30
"2849",1,1,6,1,1,1,27,1,1,1,1,1,2,30
"2850",1,1,1,1,1,1,27,1,1,1,1,1,2,30
"2851",1,1,1,2,1,1,27,1,1,1,1,1,3,30
"2852",1,2,1,2,1,1,27,1,1,1,1,1,3,30
"2853",1,1,2,2,1,1,27,1,1,1,1,1,3,30
"2854",2,1,1,2,1,1,27,1,1,1,1,1,3,30
"2855",6,6,6,6,6,6,1,1,1,1,1,27,4,30
"2856",4,4,4,2,2,4,4,4,1,21,1,1,5,30
"2857",4,1,2,2,2,4,4,4,1,21,1,1,5,30
"2858",3,2,4,2,2,4,4,4,1,21,1,1,5,30
"2859",3,1,4,2,2,4,4,4,1,21,1,1,5,30
"2860",3,4,2,2,2,4,4,4,1,21,1,1,5,30
"2861",3,2,1,2,2,4,4,4,1,21,1,1,5,30
"2862",1,2,4,2,2,4,4,4,1,21,1,1,5,30
"2863",6,2,4,2,2,4,4,4,1,21,1,1,5,30
"2864",5,2,4,2,2,4,4,4,1,21,1,1,5,30
"2865",4,2,4,2,2,4,4,4,1,21,1,1,5,30
"2866",2,2,4,2,2,4,4,4,1,21,1,1,5,30
"2879",1,2,3,3,2,6,5,5,5,6,6,5,1,31
"2880",1,3,4,3,2,6,5,5,5,6,6,5,1,31
"2881",6,2,3,3,2,6,5,5,5,6,6,5,1,31
"2882",2,6,3,3,2,6,5,5,5,6,6,5,1,31
"2883",6,2,3,3,2,6,5,5,5,6,6,5,1,31
"2884",6,3,2,3,2,6,5,5,5,6,6,5,1,31
"2885",3,2,6,3,2,6,5,5,5,6,6,5,1,31
"2886",5,2,1,2,4,2,1,5,5,5,15,1,2,31
"2887",3,5,4,2,4,2,1,5,5,5,15,1,2,31
"2888",5,6,5,2,4,2,1,5,5,5,15,1,2,31
"2889",2,3,1,2,4,2,1,5,5,5,15,1,2,31
"2890",2,4,2,2,4,2,1,5,5,5,15,1,2,31
"2891",6,3,1,5,4,3,5,5,6,5,5,6,3,31
"2892",5,6,4,5,4,3,5,5,6,5,5,6,3,31
"2893",2,6,5,5,4,3,5,5,6,5,5,6,3,31
"2894",6,3,4,5,4,3,5,5,6,5,5,6,3,31
"2895",5,4,6,5,4,3,5,5,6,5,5,6,3,31
"2896",5,1,6,5,4,3,5,5,6,5,5,6,3,31
"2897",5,4,1,5,4,3,5,5,6,5,5,6,3,31
"2898",5,4,3,5,4,3,5,5,6,5,5,6,3,31
"2899",4,4,4,4,2,4,1,1,1,27,1,1,4,31
"2900",4,4,3,4,2,4,1,1,1,27,1,1,4,31
"2901",4,1,4,4,2,4,1,1,1,27,1,1,4,31
"2902",4,2,4,4,2,4,1,1,1,27,1,1,4,31
"2903",4,4,6,5,4,4,1,5,1,15,5,5,5,31
"2904",4,6,1,5,4,4,1,5,1,15,5,5,5,31
"2905",6,4,4,5,4,4,1,5,1,15,5,5,5,31
"2906",2,4,4,5,4,4,1,5,1,15,5,5,5,31
"2907",3,4,4,5,4,4,1,5,1,15,5,5,5,31
"2908",5,4,4,5,4,4,1,5,1,15,5,5,5,31
"2987",1,1,1,1,3,4,6,6,5,5,5,5,1,32
"2988",2,2,2,1,3,4,6,6,5,5,5,5,1,32
"2989",3,3,3,1,3,4,6,6,5,5,5,5,1,32
"2990",4,4,4,1,3,4,6,6,5,5,5,5,1,32
"2991",4,3,1,1,3,4,6,6,5,5,5,5,1,32
"2992",4,1,3,1,3,4,6,6,5,5,5,5,1,32
"2993",3,4,1,1,3,4,6,6,5,5,5,5,1,32
"2994",1,3,4,1,3,4,6,6,5,5,5,5,1,32
"2995",3,3,3,5,3,3,5,5,15,1,1,5,2,32
"2996",6,6,6,5,3,3,5,5,15,1,1,5,2,32
"2997",1,1,1,5,3,3,5,5,15,1,1,5,2,32
"2998",2,2,2,5,3,3,5,5,15,1,1,5,2,32
"2999",4,4,4,5,3,3,5,5,15,1,1,5,2,32
"3000",3,3,5,5,3,3,5,5,15,1,1,5,2,32
"3001",3,5,3,5,3,3,5,5,15,1,1,5,2,32
"3002",5,3,3,5,3,3,5,5,15,1,1,5,2,32
"3003",3,3,3,3,1,5,1,1,27,1,1,1,3,32
"3004",1,1,1,3,1,5,1,1,27,1,1,1,3,32
"3005",2,2,2,3,1,5,1,1,27,1,1,1,3,32
"3006",5,5,5,3,1,5,1,1,27,1,1,1,3,32
"3007",1,3,5,3,1,5,1,1,27,1,1,1,3,32
"3008",3,1,5,3,1,5,1,1,27,1,1,1,3,32
"3009",1,1,1,4,1,3,27,1,1,1,1,1,4,32
"3010",2,2,2,4,1,3,27,1,1,1,1,1,4,32
"3011",3,3,3,4,1,3,27,1,1,1,1,1,4,32
"3012",4,4,4,4,1,3,27,1,1,1,1,1,4,32
"3013",4,3,1,4,1,3,27,1,1,1,1,1,4,32
"3014",4,1,3,4,1,3,27,1,1,1,1,1,4,32
"3015",1,1,1,3,6,4,5,5,6,5,5,6,5,32
"3016",2,2,2,3,6,4,5,5,6,5,5,6,5,32
"3017",3,3,3,3,6,4,5,5,6,5,5,6,5,32
"3018",6,6,6,3,6,4,5,5,6,5,5,6,5,32
"3019",5,5,5,3,6,4,5,5,6,5,5,6,5,32
"3020",3,4,6,3,6,4,5,5,6,5,5,6,5,32
"3021",4,3,6,3,6,4,5,5,6,5,5,6,5,32
"3022",3,6,4,3,6,4,5,5,6,5,5,6,5,32
"3099",1,1,1,5,4,2,5,5,6,5,6,5,1,33
"3100",2,2,2,5,4,2,5,5,6,5,6,5,1,33
"3101",2,1,1,5,4,2,5,5,6,5,6,5,1,33
"3102",1,2,1,5,4,2,5,5,6,5,6,5,1,33
"3103",1,1,2,5,4,2,5,5,6,5,6,5,1,33
"3104",3,3,2,5,4,2,5,5,6,5,6,5,1,33
"3105",4,4,2,5,4,2,5,5,6,5,6,5,1,33
"3106",1,4,2,5,4,2,5,5,6,5,6,5,1,33
"3107",5,4,2,5,4,2,5,5,6,5,6,5,1,33
"3108",3,3,3,3,3,4,5,1,15,5,5,1,2,33
"3109",3,3,1,3,3,4,5,1,15,5,5,1,2,33
"3110",3,3,2,3,3,4,5,1,15,5,5,1,2,33
"3111",3,3,4,3,3,4,5,1,15,5,5,1,2,33
"3112",1,1,1,3,4,3,5,5,5,5,6,6,3,33
"3113",2,2,2,3,4,3,5,5,5,5,6,6,3,33
"3114",3,3,3,3,4,3,5,5,5,5,6,6,3,33
"3115",3,3,1,3,4,3,5,5,5,5,6,6,3,33
"3116",3,1,3,3,4,3,5,5,5,5,6,6,3,33
"3117",3,4,3,3,4,3,5,5,5,5,6,6,3,33
"3118",3,3,3,3,4,3,1,1,27,1,1,1,4,33
"3119",3,3,1,3,4,3,1,1,27,1,1,1,4,33
"3120",3,1,3,3,4,3,1,1,27,1,1,1,4,33
"3121",3,2,3,3,4,3,1,1,27,1,1,1,4,33
"3122",3,4,3,3,4,3,1,1,27,1,1,1,4,33
"3123",1,1,1,6,6,2,5,5,5,5,6,6,5,33
"3124",6,6,6,6,6,2,5,5,5,5,6,6,5,33
"3125",6,6,1,6,6,2,5,5,5,5,6,6,5,33
"3126",6,6,5,6,6,2,5,5,5,5,6,6,5,33
"3127",6,6,4,6,6,2,5,5,5,5,6,6,5,33
"3128",6,6,2,6,6,2,5,5,5,5,6,6,5,33
"3164",5,5,5,5,5,5,1,1,1,1,27,1,1,34
"3165",1,1,1,1,1,1,27,1,1,1,1,1,2,34
"3166",1,1,1,1,6,1,21,1,1,4,1,4,3,34
"3167",1,4,1,1,6,1,21,1,1,4,1,4,3,34
"3168",1,2,1,1,6,1,21,1,1,4,1,4,3,34
"3169",1,6,1,1,6,1,21,1,1,4,1,4,3,34
"3170",5,6,6,2,6,6,1,5,5,1,5,15,4,34
"3171",2,6,6,2,6,6,1,5,5,1,5,15,4,34
"3172",4,4,4,6,6,4,1,1,1,27,1,1,5,34
"3173",1,4,1,6,6,4,1,1,1,27,1,1,5,34
"3174",4,1,2,6,6,4,1,1,1,27,1,1,5,34
"3175",5,6,4,6,6,4,1,1,1,27,1,1,5,34
"3176",6,6,4,6,6,4,1,1,1,27,1,1,5,34
"3206",2,1,1,2,3,1,5,6,5,5,5,6,1,35
"3207",2,1,2,2,3,1,5,6,5,5,5,6,1,35
"3208",3,1,1,2,3,1,5,6,5,5,5,6,1,35
"3209",2,2,1,2,3,1,5,6,5,5,5,6,1,35
"3210",2,3,1,2,3,1,5,6,5,5,5,6,1,35
"3211",2,3,2,4,5,5,5,1,1,5,15,5,2,35
"3212",4,1,1,4,5,5,5,1,1,5,15,5,2,35
"3213",4,4,5,4,5,5,5,1,1,5,15,5,2,35
"3214",4,4,6,4,5,5,5,1,1,5,15,5,2,35
"3215",4,1,5,4,5,5,5,1,1,5,15,5,2,35
"3216",4,2,5,4,5,5,5,1,1,5,15,5,2,35
"3217",4,3,5,4,5,5,5,1,1,5,15,5,2,35
"3218",4,4,5,4,5,5,5,1,1,5,15,5,2,35
"3219",4,5,5,4,5,5,5,1,1,5,15,5,2,35
"3220",3,5,2,3,3,3,4,1,21,1,1,4,3,35
"3221",3,1,1,3,3,3,4,1,21,1,1,4,3,35
"3222",3,3,4,3,3,3,4,1,21,1,1,4,3,35
"3223",3,3,1,3,3,3,4,1,21,1,1,4,3,35
"3224",3,3,2,3,3,3,4,1,21,1,1,4,3,35
"3225",3,3,3,3,3,3,4,1,21,1,1,4,3,35
"3226",5,3,6,5,5,3,1,1,4,1,21,4,4,35
"3227",5,1,3,5,5,3,1,1,4,1,21,4,4,35
"3228",5,2,3,5,5,3,1,1,4,1,21,4,4,35
"3229",5,4,3,5,5,3,1,1,4,1,21,4,4,35
"3230",5,5,3,5,5,3,1,1,4,1,21,4,4,35
"3231",4,1,3,4,3,6,6,5,5,5,5,6,5,35
"3232",4,2,1,4,3,6,6,5,5,5,5,6,5,35
"3233",4,3,2,4,3,6,6,5,5,5,5,6,5,35
"3234",4,3,3,4,3,6,6,5,5,5,5,6,5,35
"3235",4,3,1,4,3,6,6,5,5,5,5,6,5,35
"3236",4,3,4,4,3,6,6,5,5,5,5,6,5,35
"3237",4,3,5,4,3,6,6,5,5,5,5,6,5,35
"3238",4,3,6,4,3,6,6,5,5,5,5,6,5,35
